"","Loss","ALAE","Limit","Censored"
"1",10,3806,5e+05,0
"2",24,5658,1e+06,0
"3",45,321,1e+06,0
"4",51,305,5e+05,0
"5",60,758,5e+05,0
"6",74,8768,2e+06,0
"7",75,1805,5e+05,0
"8",78,78,5e+05,0
"9",87,46534,5e+05,0
"10",100,489,3e+05,0
"11",115,20,1e+06,0
"12",123,60790,3e+05,0
"13",133,2305,3e+05,0
"14",140,1940,1e+06,0
"15",147,125,5e+05,0
"16",147,2881,750000,0
"17",165,5235,5e+05,0
"18",192,915,1e+05,0
"19",200,1361,50000,0
"20",300,348,5e+05,0
"21",308,30735,1e+06,0
"22",311,1081,5e+05,0
"23",326,4201,1e+06,0
"24",350,76,NA,0
"25",350,1255,3e+05,0
"26",400,1336,1e+05,0
"27",500,164,1e+05,0
"28",500,179,1e+06,0
"29",500,723,1e+06,0
"30",500,1193,1e+06,0
"31",500,1406,1e+05,0
"32",500,1480,NA,0
"33",500,1527,3e+05,0
"34",500,1938,5e+05,0
"35",500,1995,2e+05,0
"36",500,2215,1e+06,0
"37",500,2706,5e+05,0
"38",500,2778,5e+05,0
"39",500,2936,1e+06,0
"40",500,3815,1e+06,0
"41",500,4419,3e+05,0
"42",500,4495,1e+06,0
"43",500,5371,50000,0
"44",500,5609,5e+05,0
"45",500,6350,3e+05,0
"46",500,9317,5e+05,0
"47",500,10246,5e+05,0
"48",500,14752,3e+05,0
"49",500,19261,3e+05,0
"50",520,2373,5e+05,0
"51",578,1925,1e+06,0
"52",600,1458,3e+05,0
"53",600,5057,5e+05,0
"54",634,211,1e+06,0
"55",667,2369,1e+06,0
"56",700,748,NA,0
"57",750,748,1e+06,0
"58",750,1737,5e+05,0
"59",750,2147,5e+05,0
"60",750,3184,1e+06,0
"61",750,3564,NA,0
"62",750,4788,1e+06,0
"63",750,7865,5e+05,0
"64",798,1553,5e+05,0
"65",800,5773,5e+05,0
"66",833,7607,1e+06,0
"67",833,9900,1e+06,0
"68",875,4565,5e+05,0
"69",900,968,50000,0
"70",909,9215,7500000,0
"71",916,5522,1e+05,0
"72",1000,321,NA,0
"73",1000,407,1e+06,0
"74",1000,450,750000,0
"75",1000,464,5e+05,0
"76",1000,484,NA,0
"77",1000,780,1e+06,0
"78",1000,946,50000,0
"79",1000,1088,5e+05,0
"80",1000,1289,5e+05,0
"81",1000,1320,5e+05,0
"82",1000,1352,5e+05,0
"83",1000,1872,5e+05,0
"84",1000,1940,3e+05,0
"85",1000,2293,250000,0
"86",1000,2302,1e+06,0
"87",1000,2481,1e+05,0
"88",1000,2488,5e+05,0
"89",1000,2495,3e+05,0
"90",1000,2750,1e+06,0
"91",1000,3388,5e+05,0
"92",1000,3434,1e+06,0
"93",1000,4149,5e+05,0
"94",1000,4927,1e+06,0
"95",1000,5675,1e+06,0
"96",1000,6525,5e+05,0
"97",1000,6557,1e+05,0
"98",1000,6626,5e+05,0
"99",1000,6829,1e+06,0
"100",1000,6867,5e+05,0
"101",1000,7797,5e+05,0
"102",1000,8523,5e+05,0
"103",1000,9412,1e+06,0
"104",1000,11124,5e+05,0
"105",1000,20564,1e+06,0
"106",1075,2168,3e+05,0
"107",1091,2199,3e+05,0
"108",1100,170,5e+05,0
"109",1122,1422,1e+06,0
"110",1125,1224,3e+05,0
"111",1200,984,3e+05,0
"112",1200,1251,1e+05,0
"113",1200,2456,50000,0
"114",1250,365,NA,0
"115",1250,371,3e+05,0
"116",1250,479,25000,0
"117",1250,531,5e+05,0
"118",1250,774,2e+06,0
"119",1250,2090,1e+06,0
"120",1250,2488,NA,0
"121",1250,3523,NA,0
"122",1298,1032,1e+05,0
"123",1300,1409,1e+06,0
"124",1300,2507,250000,0
"125",1310,1459,250000,0
"126",1333,999,250000,0
"127",1375,9459,1e+06,0
"128",1450,2750,5e+05,0
"129",1456,3911,1e+05,0
"130",1500,60,1e+06,0
"131",1500,301,NA,0
"132",1500,318,NA,0
"133",1500,436,1e+06,0
"134",1500,834,NA,0
"135",1500,1275,NA,0
"136",1500,1315,1e+05,0
"137",1500,1686,1e+06,0
"138",1500,2286,NA,0
"139",1500,2422,5e+05,0
"140",1500,2919,1e+06,0
"141",1500,3247,150000,0
"142",1500,3598,1e+06,0
"143",1500,4701,3e+05,0
"144",1500,4860,5e+05,0
"145",1500,4870,5e+05,0
"146",1500,6528,5e+05,0
"147",1500,6990,1e+06,0
"148",1500,7689,1e+05,0
"149",1500,8131,5000,0
"150",1500,8228,5e+05,0
"151",1500,10018,5e+05,0
"152",1500,11994,1e+06,0
"153",1500,17146,3e+05,0
"154",1522,1614,25000,0
"155",1545,415,NA,0
"156",1600,3537,1e+06,0
"157",1633,2585,NA,0
"158",1658,337,1e+05,0
"159",1666,261,3e+05,0
"160",1666,12323,1e+06,0
"161",1667,526,5e+05,0
"162",1667,2413,1e+06,0
"163",1701,12426,3e+05,0
"164",1750,150,3e+05,0
"165",1750,198,NA,0
"166",1750,947,1e+06,0
"167",1750,1930,5e+05,0
"168",1800,776,3e+05,0
"169",1800,1791,3e+05,0
"170",1800,2825,1e+06,0
"171",1800,4644,5e+05,0
"172",1800,7829,NA,0
"173",1892,1185,5000,0
"174",1913,1578,1e+06,0
"175",1937,293,1e+05,0
"176",1947,10564,3e+05,0
"177",1974,775,750000,0
"178",1980,2706,5e+05,0
"179",1993,1946,1e+06,0
"180",1994,4851,1e+06,0
"181",2000,584,5e+05,0
"182",2000,700,5e+05,0
"183",2000,978,3e+05,0
"184",2000,999,250000,0
"185",2000,1190,5e+05,0
"186",2000,1395,5e+05,0
"187",2000,1699,5000,0
"188",2000,1968,5e+05,0
"189",2000,1989,5e+05,0
"190",2000,2453,5e+05,0
"191",2000,2503,5e+05,0
"192",2000,2644,5e+05,0
"193",2000,2748,5e+05,0
"194",2000,3089,1e+06,0
"195",2000,3119,50000,0
"196",2000,3496,50000,0
"197",2000,3597,3e+05,0
"198",2000,4505,5e+05,0
"199",2000,4756,5e+05,0
"200",2000,5392,5e+05,0
"201",2000,5439,1e+06,0
"202",2000,5491,5e+05,0
"203",2000,5767,3e+05,0
"204",2000,5963,5e+05,0
"205",2000,6033,1e+06,0
"206",2000,6858,3e+05,0
"207",2000,6995,5e+05,0
"208",2000,7488,5e+05,0
"209",2000,8401,1e+06,0
"210",2000,8650,5e+05,0
"211",2000,9393,NA,0
"212",2000,17222,5e+05,0
"213",2002,5971,1e+05,0
"214",2018,1322,1e+06,0
"215",2022,610,5e+05,0
"216",2057,11305,5e+05,0
"217",2067,5697,1e+05,0
"218",2070,6201,3e+05,0
"219",2100,302,5e+05,0
"220",2125,2387,1e+05,0
"221",2180,9584,250000,0
"222",2250,2182,5e+05,0
"223",2250,8204,1e+06,0
"224",2250,14528,3e+05,0
"225",2303,803,1e+05,0
"226",2312,19407,5e+05,0
"227",2325,5728,1e+06,0
"228",2400,620,1e+05,0
"229",2405,960,3e+05,0
"230",2428,6657,5e+05,0
"231",2486,5417,50000,0
"232",2500,50,NA,0
"233",2500,115,1e+06,0
"234",2500,145,3e+05,0
"235",2500,184,1e+06,0
"236",2500,415,NA,0
"237",2500,540,1e+06,0
"238",2500,544,NA,0
"239",2500,656,5e+05,0
"240",2500,852,1e+06,0
"241",2500,895,5e+05,0
"242",2500,1053,5e+05,0
"243",2500,1059,250000,0
"244",2500,1123,5e+05,0
"245",2500,1150,3e+05,0
"246",2500,1862,1e+06,0
"247",2500,1992,5e+05,0
"248",2500,2263,NA,0
"249",2500,2268,5e+05,0
"250",2500,2325,3e+05,0
"251",2500,2439,NA,0
"252",2500,2462,3e+05,0
"253",2500,2874,NA,0
"254",2500,2939,10000,0
"255",2500,3352,1e+06,0
"256",2500,3411,1e+06,0
"257",2500,3583,1e+05,0
"258",2500,4248,3e+05,0
"259",2500,4263,5e+05,0
"260",2500,4451,3e+05,0
"261",2500,4669,5e+05,0
"262",2500,4729,3e+05,0
"263",2500,4805,5e+05,0
"264",2500,4950,5e+05,0
"265",2500,5000,5e+05,0
"266",2500,5063,1e+06,0
"267",2500,5075,1e+06,0
"268",2500,5321,3e+05,0
"269",2500,5385,5e+05,0
"270",2500,5453,5e+05,0
"271",2500,5678,5e+05,0
"272",2500,5740,5e+05,0
"273",2500,5758,NA,0
"274",2500,6027,5e+05,0
"275",2500,6209,5e+05,0
"276",2500,6763,5e+05,0
"277",2500,7000,1e+06,0
"278",2500,7362,5e+05,0
"279",2500,7369,5e+05,0
"280",2500,7421,5e+05,0
"281",2500,7467,5e+05,0
"282",2500,8083,25000,0
"283",2500,8185,NA,0
"284",2500,8813,5e+05,0
"285",2500,9073,250000,0
"286",2500,9652,5e+05,0
"287",2500,12580,3e+05,0
"288",2500,12644,1e+05,0
"289",2500,14842,5e+05,0
"290",2600,824,5e+05,0
"291",2600,2168,5e+05,0
"292",2600,4914,5e+05,0
"293",2700,1109,5e+05,0
"294",2700,3531,5e+05,0
"295",2730,112158,5e+05,0
"296",2749,2506,1e+06,0
"297",2750,1491,1e+06,0
"298",2750,4540,5e+05,0
"299",2776,4054,5e+05,0
"300",2787,2603,3e+05,0
"301",2850,5120,250000,0
"302",2917,1715,5e+05,0
"303",2922,7802,5e+05,0
"304",3000,190,5e+05,0
"305",3000,420,3e+05,0
"306",3000,749,1e+05,0
"307",3000,1301,5e+05,0
"308",3000,1495,3e+05,0
"309",3000,1594,NA,0
"310",3000,1618,5e+05,0
"311",3000,1693,5e+05,0
"312",3000,1899,5e+05,0
"313",3000,1952,1e+06,0
"314",3000,2103,1e+05,0
"315",3000,2237,5e+05,0
"316",3000,2534,3e+05,0
"317",3000,2949,5e+05,0
"318",3000,3007,3e+05,0
"319",3000,3154,5e+05,0
"320",3000,3318,5e+05,0
"321",3000,3365,3e+05,0
"322",3000,5831,5e+05,0
"323",3000,7176,1e+06,0
"324",3000,8420,5e+05,0
"325",3000,10330,5e+05,0
"326",3000,11561,5e+05,0
"327",3000,11861,1e+06,0
"328",3000,12545,3e+05,0
"329",3000,14485,5e+05,0
"330",3000,18206,1e+06,0
"331",3000,32390,1e+05,0
"332",3162,339,3e+05,0
"333",3250,35,3e+05,0
"334",3250,10279,5e+05,0
"335",3269,7081,1e+06,0
"336",3300,690,3e+05,0
"337",3300,3020,5e+05,0
"338",3333,9251,3e+05,0
"339",3400,495,3e+05,0
"340",3409,1974,1e+05,0
"341",3436,12072,3e+05,0
"342",3480,15953,5e+05,0
"343",3486,5374,5e+05,0
"344",3494,7423,5e+05,0
"345",3500,378,3e+05,0
"346",3500,565,1e+06,0
"347",3500,784,5e+05,0
"348",3500,787,5e+05,0
"349",3500,980,25000,0
"350",3500,2531,5e+05,0
"351",3500,2691,5e+05,0
"352",3500,3395,1e+06,0
"353",3500,3641,1e+06,0
"354",3500,5079,250000,0
"355",3500,5381,1e+05,0
"356",3500,7615,5e+05,0
"357",3500,7936,NA,0
"358",3500,11240,3e+05,0
"359",3500,25176,1e+06,0
"360",3600,3063,1e+06,0
"361",3685,1716,5e+05,0
"362",3750,670,NA,0
"363",3750,1369,5e+05,0
"364",3750,1536,3e+05,0
"365",3750,3153,5e+05,0
"366",3750,3556,5e+05,0
"367",3750,3637,1e+06,0
"368",3750,4224,3e+05,0
"369",3750,9951,3e+05,0
"370",3903,14319,1e+06,0
"371",3941,3689,5e+05,0
"372",4000,50,NA,0
"373",4000,88,1e+06,0
"374",4000,298,3e+05,0
"375",4000,355,1e+06,0
"376",4000,1390,1e+05,0
"377",4000,1756,50000,0
"378",4000,1773,3e+05,0
"379",4000,2411,5e+05,0
"380",4000,2914,3e+05,0
"381",4000,3370,5e+05,0
"382",4000,3499,1e+06,0
"383",4000,3640,5e+05,0
"384",4000,3971,5e+05,0
"385",4000,4439,3e+05,0
"386",4000,4898,1e+06,0
"387",4000,20142,1e+06,0
"388",4038,5687,5e+05,0
"389",4250,2008,5e+05,0
"390",4250,2115,5e+05,0
"391",4286,6522,5e+05,0
"392",4346,18656,1e+05,0
"393",4350,1786,5e+05,0
"394",4465,1534,5e+05,0
"395",4500,392,5e+05,0
"396",4500,395,NA,0
"397",4500,2316,25000,0
"398",4500,2406,3e+05,0
"399",4500,3046,5e+05,0
"400",4500,3358,1e+06,0
"401",4500,4420,5e+05,0
"402",4500,7669,1e+06,0
"403",4535,1542,1e+06,0
"404",4568,6180,5e+05,0
"405",4600,6004,5e+05,0
"406",4675,2588,1e+06,0
"407",4700,5586,5e+05,0
"408",4750,2894,3e+05,0
"409",4750,5293,5e+05,0
"410",4750,32362,1e+06,0
"411",4833,5588,5e+05,0
"412",5000,25,NA,0
"413",5000,135,NA,0
"414",5000,137,3e+05,0
"415",5000,150,NA,0
"416",5000,187,5e+05,0
"417",5000,310,1e+06,0
"418",5000,333,NA,0
"419",5000,492,5e+06,0
"420",5000,571,1e+05,0
"421",5000,622,5e+05,0
"422",5000,627,NA,0
"423",5000,704,5e+05,0
"424",5000,721,NA,0
"425",5000,830,5000,1
"426",5000,1000,5e+05,0
"427",5000,1162,5e+05,0
"428",5000,1242,4e+05,0
"429",5000,1316,5e+05,0
"430",5000,1398,5e+05,0
"431",5000,1764,1e+05,0
"432",5000,1764,5e+05,0
"433",5000,1849,250000,0
"434",5000,1920,5e+05,0
"435",5000,1965,3e+05,0
"436",5000,2140,3e+05,0
"437",5000,2331,NA,0
"438",5000,2391,5e+05,0
"439",5000,2646,1e+06,0
"440",5000,2932,5e+05,0
"441",5000,3289,5e+05,0
"442",5000,3427,5000,1
"443",5000,3604,1e+06,0
"444",5000,3617,NA,0
"445",5000,4155,1e+06,0
"446",5000,4158,1e+06,0
"447",5000,4336,40000,0
"448",5000,4445,1e+06,0
"449",5000,4618,5e+05,0
"450",5000,4696,3e+05,0
"451",5000,4756,NA,0
"452",5000,4885,250000,0
"453",5000,4964,5e+05,0
"454",5000,5012,5e+05,0
"455",5000,5235,1e+06,0
"456",5000,5614,50000,0
"457",5000,5615,3e+05,0
"458",5000,5747,3e+05,0
"459",5000,6226,1e+05,0
"460",5000,6292,5e+05,0
"461",5000,6719,1e+06,0
"462",5000,6843,5e+05,0
"463",5000,7009,NA,0
"464",5000,7009,NA,0
"465",5000,7044,NA,0
"466",5000,7204,NA,0
"467",5000,7279,5e+05,0
"468",5000,7381,5e+05,0
"469",5000,8085,3e+05,0
"470",5000,8102,3e+05,0
"471",5000,8541,2500000,0
"472",5000,8758,250000,0
"473",5000,8897,5e+05,0
"474",5000,8909,3e+05,0
"475",5000,9858,5e+05,0
"476",5000,12812,3e+05,0
"477",5000,13165,3e+05,0
"478",5000,13576,5e+05,0
"479",5000,14683,NA,0
"480",5000,16014,3e+05,0
"481",5000,16099,1e+06,0
"482",5000,25477,25000,0
"483",5000,37264,5e+05,0
"484",5003,5093,5e+05,0
"485",5010,6101,1e+05,0
"486",5097,9437,5e+05,0
"487",5115,20383,1e+06,0
"488",5250,4293,3e+05,0
"489",5390,44666,NA,0
"490",5400,9318,50000,0
"491",5500,101,5e+05,0
"492",5500,1293,1e+06,0
"493",5500,1309,5e+05,0
"494",5500,1905,5e+05,0
"495",5500,2874,3e+05,0
"496",5500,3412,5e+05,0
"497",5500,3833,5e+05,0
"498",5500,7459,5e+05,0
"499",5500,10344,5e+05,0
"500",5577,7001,5e+05,0
"501",5600,4346,5e+05,0
"502",5600,6387,1e+06,0
"503",5619,2798,5e+05,0
"504",5625,5571,1e+06,0
"505",5625,29211,1e+06,0
"506",5655,974,5e+05,0
"507",5750,7897,5e+05,0
"508",5750,34474,NA,0
"509",6000,492,5e+05,0
"510",6000,904,NA,0
"511",6000,1307,NA,0
"512",6000,2101,1e+06,0
"513",6000,2754,5e+05,0
"514",6000,3719,25000,0
"515",6000,4389,50000,0
"516",6000,5823,5e+05,0
"517",6000,7106,5e+05,0
"518",6000,7313,5e+05,0
"519",6000,7322,1e+06,0
"520",6000,8520,3e+05,0
"521",6000,10136,5e+05,0
"522",6000,11741,5e+05,0
"523",6000,12383,5e+05,0
"524",6000,149962,1e+06,0
"525",6066,1523,5e+05,0
"526",6075,6244,1e+06,0
"527",6240,6765,5e+05,0
"528",6403,5111,50000,0
"529",6406,274,1e+06,0
"530",6441,9084,1e+05,0
"531",6500,185,NA,0
"532",6500,895,3e+05,0
"533",6500,1194,NA,0
"534",6500,1789,5e+05,0
"535",6500,3698,3e+05,0
"536",6500,4914,5e+05,0
"537",6500,8154,1e+06,0
"538",6500,17397,5e+05,0
"539",6538,12277,5e+05,0
"540",6550,3295,3e+05,0
"541",6666,9046,1e+06,0
"542",6719,18254,NA,0
"543",6750,518,5e+05,0
"544",6750,2524,1e+06,0
"545",6750,3919,5e+05,0
"546",6907,2383,250000,0
"547",7000,50,NA,0
"548",7000,1900,1e+06,0
"549",7000,3431,3e+05,0
"550",7000,3451,1e+06,0
"551",7000,3944,1e+06,0
"552",7000,10593,NA,0
"553",7000,12909,3e+05,0
"554",7000,15780,5e+05,0
"555",7000,16246,5e+05,0
"556",7500,150,NA,0
"557",7500,266,NA,0
"558",7500,332,5e+05,0
"559",7500,500,NA,0
"560",7500,508,5e+05,0
"561",7500,562,5e+05,0
"562",7500,695,25000,0
"563",7500,754,5e+05,0
"564",7500,1351,5e+05,0
"565",7500,1449,5e+05,0
"566",7500,1557,1e+06,0
"567",7500,2615,5e+05,0
"568",7500,2873,3e+05,0
"569",7500,3285,1e+06,0
"570",7500,3775,NA,0
"571",7500,3986,1e+06,0
"572",7500,4057,5e+05,0
"573",7500,4738,5e+05,0
"574",7500,4949,1e+06,0
"575",7500,5006,5e+05,0
"576",7500,5244,5e+05,0
"577",7500,5457,1e+06,0
"578",7500,5732,3e+05,0
"579",7500,7064,250000,0
"580",7500,7083,3e+05,0
"581",7500,7318,1e+06,0
"582",7500,7340,5e+05,0
"583",7500,7624,5e+05,0
"584",7500,7894,1e+06,0
"585",7500,7904,3e+05,0
"586",7500,8711,5e+05,0
"587",7500,11488,5e+05,0
"588",7500,11724,1e+06,0
"589",7500,11949,NA,0
"590",7500,13281,NA,0
"591",7500,13342,5e+05,0
"592",7500,13620,5e+05,0
"593",7500,15771,5e+05,0
"594",7500,17213,1e+06,0
"595",7500,17595,1e+06,0
"596",7500,28311,1e+06,0
"597",7500,65020,5e+05,0
"598",7525,1687,5e+05,0
"599",7625,13517,1e+06,0
"600",7820,2763,5e+05,0
"601",7857,479,1e+06,0
"602",7875,54266,1e+06,0
"603",7961,18113,1e+05,0
"604",8000,1942,NA,0
"605",8000,2099,NA,0
"606",8000,2335,5e+05,0
"607",8000,2901,5e+05,0
"608",8000,2929,5e+05,0
"609",8000,9671,3e+05,0
"610",8000,12167,5e+05,0
"611",8000,13251,5e+05,0
"612",8036,1450,3e+05,0
"613",8223,23351,50000,0
"614",8250,1521,1e+06,0
"615",8330,5890,NA,0
"616",8333,3379,5e+05,0
"617",8333,5116,1e+06,0
"618",8333,9486,5e+05,0
"619",8333,31367,1e+06,0
"620",8366,5726,3e+05,0
"621",8500,1060,NA,0
"622",8500,1781,3e+05,0
"623",8500,2791,NA,0
"624",8500,3484,NA,0
"625",8500,3869,1e+05,0
"626",8500,5403,5e+05,0
"627",8500,8721,1e+05,0
"628",8500,15780,5e+05,0
"629",8520,4189,1e+05,0
"630",8555,15987,3e+05,0
"631",8640,1146,5e+05,0
"632",8703,11546,3e+05,0
"633",8750,2682,NA,0
"634",8827,3329,1e+06,0
"635",8939,16252,1e+06,0
"636",9000,406,NA,0
"637",9000,1694,5e+05,0
"638",9000,2337,250000,0
"639",9000,2378,1e+06,0
"640",9000,2517,5e+05,0
"641",9000,4602,3e+05,0
"642",9000,7823,250000,0
"643",9000,11761,3e+05,0
"644",9000,16732,1e+06,0
"645",9093,7998,3e+05,0
"646",9250,28,NA,0
"647",9250,6238,5e+05,0
"648",9250,23557,1e+05,0
"649",9427,1978,1e+05,0
"650",9500,1966,5e+05,0
"651",9500,2995,3e+05,0
"652",9500,3593,1e+06,0
"653",9500,11243,5e+05,0
"654",10000,169,NA,0
"655",10000,255,5e+05,0
"656",10000,258,5e+05,0
"657",10000,386,1e+06,0
"658",10000,470,1e+06,0
"659",10000,699,1e+06,0
"660",10000,927,1e+06,0
"661",10000,1174,NA,0
"662",10000,1561,5e+05,0
"663",10000,1573,1500000,0
"664",10000,1656,5e+05,0
"665",10000,1779,5e+05,0
"666",10000,1787,1e+06,0
"667",10000,1790,3e+05,0
"668",10000,1844,3e+05,0
"669",10000,2049,5e+05,0
"670",10000,2129,5e+05,0
"671",10000,2223,3e+05,0
"672",10000,2748,1e+06,0
"673",10000,2907,5e+05,0
"674",10000,2976,5e+05,0
"675",10000,3526,1e+06,0
"676",10000,3628,3e+05,0
"677",10000,3667,NA,0
"678",10000,4007,NA,0
"679",10000,4348,NA,0
"680",10000,4421,5e+05,0
"681",10000,4493,1e+06,0
"682",10000,5111,5e+05,0
"683",10000,5192,5e+05,0
"684",10000,5247,1e+06,0
"685",10000,5560,3e+05,0
"686",10000,5650,5e+05,0
"687",10000,6422,5e+05,0
"688",10000,6476,5e+05,0
"689",10000,7498,5e+05,0
"690",10000,7700,NA,0
"691",10000,7909,1e+06,0
"692",10000,8226,1e+05,0
"693",10000,8293,5e+05,0
"694",10000,8623,5e+05,0
"695",10000,9802,3e+05,0
"696",10000,9854,5e+05,0
"697",10000,9875,5e+05,0
"698",10000,10623,3e+05,0
"699",10000,10826,50000,0
"700",10000,10829,1e+06,0
"701",10000,11065,5e+05,0
"702",10000,11257,NA,0
"703",10000,11410,250000,0
"704",10000,11499,5e+05,0
"705",10000,11563,1e+06,0
"706",10000,11793,1e+06,0
"707",10000,11989,NA,0
"708",10000,12089,3e+05,0
"709",10000,16301,5e+05,0
"710",10000,16663,1e+06,0
"711",10000,17053,NA,0
"712",10000,18587,5e+05,0
"713",10000,19425,1e+06,0
"714",10000,23461,5e+05,0
"715",10000,25133,250000,0
"716",10000,25305,5e+05,0
"717",10000,28942,5e+05,0
"718",10000,32239,3e+05,0
"719",10000,36245,NA,0
"720",10000,96952,1e+06,0
"721",10081,1303,NA,0
"722",10199,1578,1e+05,0
"723",10250,16928,3e+05,0
"724",10250,29077,50000,0
"725",10899,4680,5e+05,0
"726",11000,809,1e+05,0
"727",11000,1532,3e+05,0
"728",11000,2924,1e+06,0
"729",11000,3576,5e+05,0
"730",11000,3970,25000,0
"731",11000,4372,1e+05,0
"732",11000,4514,5e+05,0
"733",11000,4707,1e+05,0
"734",11000,9117,5e+05,0
"735",11000,23362,3e+05,0
"736",11097,14580,5e+05,0
"737",11120,4619,3e+05,0
"738",11280,14353,1e+06,0
"739",11425,16664,250000,0
"740",11500,1076,1e+06,0
"741",11667,6845,1e+06,0
"742",11723,1316,3e+05,0
"743",11750,853,NA,0
"744",11920,2869,1e+06,0
"745",12000,202,NA,0
"746",12000,1200,1e+05,0
"747",12000,1580,1e+05,0
"748",12000,2347,NA,0
"749",12000,2521,5e+05,0
"750",12000,2748,NA,0
"751",12000,4523,1e+06,0
"752",12000,9014,1e+05,0
"753",12100,16320,5e+05,0
"754",12500,165,NA,0
"755",12500,325,NA,0
"756",12500,552,1e+06,0
"757",12500,673,5e+05,0
"758",12500,935,1e+05,0
"759",12500,2530,5e+05,0
"760",12500,4608,3e+05,0
"761",12500,4932,250000,0
"762",12500,6160,5e+05,0
"763",12500,6234,150000,0
"764",12500,6309,3e+05,0
"765",12500,8375,5e+05,0
"766",12500,10371,1e+06,0
"767",12500,10496,5e+05,0
"768",12500,11897,5e+05,0
"769",12500,12297,1e+05,0
"770",12500,13842,5e+05,0
"771",12500,14220,1e+05,0
"772",12500,14266,5e+05,0
"773",12500,14674,3e+05,0
"774",12566,3270,1e+06,0
"775",12608,2100,1e+06,0
"776",12800,4417,1e+06,0
"777",12821,47257,1e+06,0
"778",12830,26,1e+06,0
"779",12875,6721,5e+05,0
"780",12875,7815,5e+05,0
"781",13000,26993,5e+05,0
"782",13000,28847,1e+06,0
"783",13242,8814,1e+06,0
"784",13333,6667,1e+06,0
"785",13450,2368,1e+06,0
"786",13500,111,1e+05,0
"787",13500,700,5e+05,0
"788",13500,6096,5e+05,0
"789",13500,15302,50000,0
"790",13750,4295,1e+06,0
"791",13750,15352,3e+05,0
"792",13825,3208,1e+06,0
"793",14000,687,5e+05,0
"794",14000,2201,3e+05,0
"795",14000,3947,3e+05,0
"796",14000,8369,NA,0
"797",14000,10969,1e+06,0
"798",14500,625,NA,0
"799",14500,3072,1e+06,0
"800",14598,3077,5e+05,0
"801",14721,3959,250000,0
"802",14750,28217,NA,0
"803",14875,263,3e+05,0
"804",14983,4977,5e+05,0
"805",15000,24,5e+05,0
"806",15000,168,1e+06,0
"807",15000,480,1e+06,0
"808",15000,1103,5e+05,0
"809",15000,1830,5e+05,0
"810",15000,2007,3e+05,0
"811",15000,2072,NA,0
"812",15000,2191,NA,0
"813",15000,2194,1e+06,0
"814",15000,2475,5e+05,0
"815",15000,2561,NA,0
"816",15000,2643,5e+05,0
"817",15000,2977,250000,0
"818",15000,3003,5e+05,0
"819",15000,3036,3e+05,0
"820",15000,3183,1e+06,0
"821",15000,3324,3e+05,0
"822",15000,3429,1e+06,0
"823",15000,3525,1e+05,0
"824",15000,3598,1e+06,0
"825",15000,3689,5e+05,0
"826",15000,4012,NA,0
"827",15000,4541,1e+06,0
"828",15000,4587,3e+05,0
"829",15000,5000,3e+05,0
"830",15000,5009,5e+05,0
"831",15000,5110,1e+06,0
"832",15000,5531,5e+05,0
"833",15000,6134,5e+05,0
"834",15000,6326,1e+06,0
"835",15000,6766,1e+06,0
"836",15000,6890,1e+06,0
"837",15000,7196,1e+06,0
"838",15000,7231,3e+05,0
"839",15000,7288,5e+05,0
"840",15000,7415,3e+05,0
"841",15000,7904,5e+05,0
"842",15000,8060,3e+05,0
"843",15000,8634,5e+05,0
"844",15000,9151,5e+05,0
"845",15000,9357,5e+05,0
"846",15000,13499,1e+05,0
"847",15000,14727,5e+05,0
"848",15000,15604,3e+05,0
"849",15000,20615,1e+06,0
"850",15000,26482,5e+05,0
"851",15000,58507,1e+06,0
"852",15000,59884,1e+05,0
"853",15000,129435,1e+06,0
"854",15001,5174,3e+05,0
"855",15069,1403,3e+05,0
"856",15078,16698,5e+05,0
"857",15086,489,5e+05,0
"858",15285,7635,1e+05,0
"859",15500,1319,5e+05,0
"860",15500,2950,1e+05,0
"861",15500,3886,1e+05,0
"862",15552,6290,5e+05,0
"863",15643,13866,1e+06,0
"864",15833,2422,1e+06,0
"865",16000,4906,5e+05,0
"866",16153,3717,3e+05,0
"867",16486,6490,1e+06,0
"868",16500,1117,50000,0
"869",16500,2791,1e+05,0
"870",16500,4104,5e+05,0
"871",16500,5144,5e+05,0
"872",16500,6657,NA,0
"873",16500,8763,5e+05,0
"874",16500,15819,1e+06,0
"875",16666,12105,5e+05,0
"876",16667,971,5e+05,0
"877",16667,2333,5e+05,0
"878",16667,5643,250000,0
"879",17258,25859,NA,0
"880",17327,8706,5e+05,0
"881",17350,16096,5e+05,0
"882",17500,2226,3e+05,0
"883",17500,2520,3e+05,0
"884",17500,3000,5e+05,0
"885",17500,5936,1e+06,0
"886",17500,7525,NA,0
"887",17500,11575,5e+05,0
"888",17500,16137,5e+05,0
"889",17500,21740,250000,0
"890",17500,23586,5e+05,0
"891",17770,3032,3e+05,0
"892",18000,358,5e+05,0
"893",18000,708,NA,0
"894",18000,3100,1e+06,0
"895",18000,3419,5e+05,0
"896",18000,8242,1e+06,0
"897",18000,8775,5e+05,0
"898",18136,11034,1e+06,0
"899",18175,312,3e+05,0
"900",18333,9440,5e+05,0
"901",18358,8724,1e+05,0
"902",18444,20203,5e+05,0
"903",18500,504,5e+05,0
"904",18500,4015,5e+05,0
"905",18500,11070,5e+05,0
"906",18500,12138,50000,0
"907",18544,2441,5e+05,0
"908",18706,10557,1e+05,0
"909",18706,13576,1e+05,0
"910",18750,10747,5e+05,0
"911",18750,18458,1e+05,0
"912",19000,4602,3e+05,0
"913",19000,4870,NA,0
"914",19000,8260,NA,0
"915",19375,3333,1e+06,0
"916",19500,7088,1e+06,0
"917",19500,12569,1e+06,0
"918",19500,13674,3e+05,0
"919",19500,16744,75000,0
"920",19622,25634,1e+05,0
"921",19833,212,NA,0
"922",20000,325,1e+06,0
"923",20000,1447,5e+05,0
"924",20000,2336,1e+06,0
"925",20000,2760,5e+05,0
"926",20000,2774,NA,0
"927",20000,2863,1e+06,0
"928",20000,3895,5e+05,0
"929",20000,4137,1e+06,0
"930",20000,4436,50000,0
"931",20000,4542,2500000,0
"932",20000,5095,25000,0
"933",20000,5108,NA,0
"934",20000,5647,5e+05,0
"935",20000,8103,1e+06,0
"936",20000,9971,5e+05,0
"937",20000,10841,5e+05,0
"938",20000,11888,1e+05,0
"939",20000,12304,3e+05,0
"940",20000,13218,3e+05,0
"941",20000,14078,5e+05,0
"942",20000,14417,5e+05,0
"943",20000,14999,5e+05,0
"944",20000,16223,5e+05,0
"945",20000,16312,5e+05,0
"946",20000,17905,NA,0
"947",20000,18124,1e+05,0
"948",20000,23484,1e+06,0
"949",20000,25026,1e+06,0
"950",20000,32093,5e+05,0
"951",20000,36109,3e+05,0
"952",20000,36572,1e+06,0
"953",20000,70435,3e+05,0
"954",20800,18289,50000,0
"955",20802,12980,1e+05,0
"956",20863,8694,5e+05,0
"957",21000,1256,3e+05,0
"958",21000,2642,5e+05,0
"959",21000,2727,NA,0
"960",21000,2981,3e+05,0
"961",21000,13442,3e+05,0
"962",21013,8176,5e+05,0
"963",21110,2344,3e+05,0
"964",21136,11244,5e+05,0
"965",21274,5424,5e+05,0
"966",21557,5519,3e+05,0
"967",21666,5116,1e+06,0
"968",21678,15,NA,0
"969",21701,18825,1e+06,0
"970",21875,23155,1e+06,0
"971",21951,9348,1e+05,0
"972",22000,3483,NA,0
"973",22000,3884,50000,0
"974",22000,7728,5e+05,0
"975",22000,43454,5e+05,0
"976",22035,409,1e+06,0
"977",22105,2485,1e+06,0
"978",22500,731,NA,0
"979",22500,1179,5e+05,0
"980",22500,1720,1e+06,0
"981",22500,1997,5e+05,0
"982",22500,4892,1e+06,0
"983",22500,5250,1e+06,0
"984",22500,7151,3e+05,0
"985",22500,7309,3e+05,0
"986",22500,10366,1e+06,0
"987",22500,10991,3e+05,0
"988",22500,12170,5e+05,0
"989",22940,24987,1e+05,0
"990",22963,5675,1e+06,0
"991",23000,5036,5e+05,0
"992",23000,10622,1e+05,0
"993",23000,20237,NA,0
"994",23300,18896,1e+06,0
"995",23320,4986,1e+06,0
"996",23759,2586,1e+06,0
"997",24000,1080,1e+06,0
"998",24014,4177,5e+05,0
"999",24334,17688,1e+06,0
"1000",24357,19934,250000,0
"1001",24464,1954,3e+05,0
"1002",24570,4919,5e+05,0
"1003",25000,360,75000,0
"1004",25000,387,5e+05,0
"1005",25000,535,NA,0
"1006",25000,583,1e+06,0
"1007",25000,1084,5e+05,0
"1008",25000,1199,5e+05,0
"1009",25000,1652,3e+05,0
"1010",25000,2012,5e+05,0
"1011",25000,2588,1e+06,0
"1012",25000,3094,1e+05,0
"1013",25000,4508,5e+05,0
"1014",25000,5230,25000,1
"1015",25000,5731,750000,0
"1016",25000,5998,1e+05,0
"1017",25000,6419,NA,0
"1018",25000,7004,1e+06,0
"1019",25000,7057,50000,0
"1020",25000,7081,5e+05,0
"1021",25000,7227,5e+05,0
"1022",25000,7253,5e+05,0
"1023",25000,7920,1e+06,0
"1024",25000,9089,25000,1
"1025",25000,9093,3e+05,0
"1026",25000,9814,1e+06,0
"1027",25000,10726,5e+05,0
"1028",25000,13334,3e+05,0
"1029",25000,13948,3e+05,0
"1030",25000,15116,1e+06,0
"1031",25000,16118,NA,0
"1032",25000,18118,75000,0
"1033",25000,18155,5e+05,0
"1034",25000,18238,25000,1
"1035",25000,20694,3e+05,0
"1036",25000,20737,NA,0
"1037",25000,22020,5e+05,0
"1038",25000,22857,5e+05,0
"1039",25000,22929,1e+06,0
"1040",25000,26332,NA,0
"1041",25000,55472,3e+05,0
"1042",25000,56519,250000,0
"1043",25002,20999,1e+06,0
"1044",25045,47560,1e+05,0
"1045",25187,18409,5e+05,0
"1046",25250,4389,3e+05,0
"1047",25396,45945,5e+05,0
"1048",25507,6782,5e+05,0
"1049",25700,3332,5e+05,0
"1050",25789,33437,3e+05,0
"1051",25800,2931,5e+05,0
"1052",25883,12181,50000,0
"1053",26000,1908,5e+05,0
"1054",26000,6111,1500000,0
"1055",26075,2316,3e+05,0
"1056",26250,4966,3e+05,0
"1057",26250,55213,5e+05,0
"1058",27000,2533,5e+05,0
"1059",27000,29273,3e+05,0
"1060",27300,1839,1e+06,0
"1061",27500,2176,1e+06,0
"1062",27500,2381,5e+05,0
"1063",27500,4211,1e+06,0
"1064",27500,19887,1e+06,0
"1065",28000,3111,5e+05,0
"1066",28130,14568,5e+05,0
"1067",28281,2350,5e+05,0
"1068",28333,6695,3e+05,0
"1069",28650,8034,3e+05,0
"1070",28750,12375,NA,0
"1071",29026,6384,5e+05,0
"1072",29890,2710,5e+05,0
"1073",30000,35,1e+06,0
"1074",30000,657,1e+06,0
"1075",30000,2172,NA,0
"1076",30000,3803,5e+05,0
"1077",30000,3829,5e+05,0
"1078",30000,3996,5e+05,0
"1079",30000,4850,5e+05,0
"1080",30000,4908,1e+06,0
"1081",30000,5519,1e+06,0
"1082",30000,6365,1e+06,0
"1083",30000,7023,NA,0
"1084",30000,7439,5e+05,0
"1085",30000,7960,5e+05,0
"1086",30000,8312,1e+05,0
"1087",30000,9631,NA,0
"1088",30000,11353,5e+05,0
"1089",30000,12647,3e+05,0
"1090",30000,18728,5e+05,0
"1091",30000,20221,5e+05,0
"1092",30000,24706,5e+05,0
"1093",30000,38018,5e+05,0
"1094",30000,39831,1e+06,0
"1095",30001,7890,1e+06,0
"1096",30064,2208,5e+05,0
"1097",30750,8619,1e+06,0
"1098",30811,19332,5e+05,0
"1099",31000,1395,5e+05,0
"1100",31005,14182,1e+05,0
"1101",31250,3851,1e+05,0
"1102",31428,23004,3e+05,0
"1103",31882,7237,5e+05,0
"1104",32000,5889,5e+05,0
"1105",32000,8930,5e+05,0
"1106",32000,10364,5e+05,0
"1107",32000,39297,1e+05,0
"1108",32500,798,5e+05,0
"1109",32500,2638,1e+06,0
"1110",32500,3750,3e+05,0
"1111",32500,4404,1e+06,0
"1112",32500,7839,1e+06,0
"1113",32500,19667,5e+05,0
"1114",32500,27592,1e+05,0
"1115",33073,7845,NA,0
"1116",33333,11562,3e+05,0
"1117",33333,53048,1e+06,0
"1118",33868,6715,5e+05,0
"1119",34000,40782,NA,0
"1120",34186,8190,1e+06,0
"1121",34190,10853,1e+05,0
"1122",34625,23407,1e+05,0
"1123",34997,6681,1e+06,0
"1124",35000,1330,1e+06,0
"1125",35000,1577,1e+06,0
"1126",35000,2442,3e+05,0
"1127",35000,3577,1e+05,0
"1128",35000,4500,3e+05,0
"1129",35000,4541,1e+05,0
"1130",35000,5553,1e+06,0
"1131",35000,10112,5e+05,0
"1132",35000,17118,1e+06,0
"1133",35000,19397,3e+05,0
"1134",35000,20399,NA,0
"1135",35000,25962,1e+06,0
"1136",35000,46953,5e+05,0
"1137",35000,81128,5e+05,0
"1138",35104,7570,5e+05,0
"1139",36573,3242,5e+05,0
"1140",37500,6946,1e+06,0
"1141",37749,16290,5e+05,0
"1142",37886,3128,1e+06,0
"1143",37936,15550,3e+05,0
"1144",38065,6892,5e+05,0
"1145",38200,70922,5e+05,0
"1146",38696,78345,5e+05,0
"1147",38843,7883,5e+05,0
"1148",38998,3013,5e+05,0
"1149",39060,444,5e+05,0
"1150",40000,2019,NA,0
"1151",40000,3502,3e+05,0
"1152",40000,4440,NA,0
"1153",40000,9066,3e+05,0
"1154",40000,10177,1e+06,0
"1155",40000,10747,5e+05,0
"1156",40000,15706,1e+06,0
"1157",40000,21083,5e+05,0
"1158",40000,31532,1e+05,0
"1159",40000,44088,3e+05,0
"1160",40000,66524,5e+05,0
"1161",40052,4397,NA,0
"1162",40461,1469,NA,0
"1163",40500,617,1e+05,0
"1164",41000,20098,3e+05,0
"1165",41807,17560,1e+06,0
"1166",41845,14127,3e+05,0
"1167",42000,7872,5e+05,0
"1168",42500,88534,5e+05,0
"1169",42717,14107,3e+05,0
"1170",43000,8392,5e+05,0
"1171",43000,29307,5e+05,0
"1172",43500,8007,3e+05,0
"1173",43500,12177,5e+05,0
"1174",44887,2178,NA,0
"1175",45000,1182,1e+06,0
"1176",45000,1820,5e+05,0
"1177",45000,3009,5e+05,0
"1178",45000,4941,3e+05,0
"1179",45000,7735,5e+05,0
"1180",45000,9134,NA,0
"1181",45000,9250,5e+05,0
"1182",45000,10411,1e+06,0
"1183",45000,17557,250000,0
"1184",45000,19167,1e+06,0
"1185",45000,21841,1e+05,0
"1186",45000,23088,50000,0
"1187",45000,37529,1e+06,0
"1188",45666,5103,5e+05,0
"1189",45955,3069,3e+05,0
"1190",46000,20440,5e+05,0
"1191",46250,18874,1e+06,0
"1192",47370,11834,3e+05,0
"1193",47500,434,1e+06,0
"1194",47500,815,NA,0
"1195",47500,2238,3e+05,0
"1196",47500,4956,NA,0
"1197",47500,5013,5e+05,0
"1198",47500,12856,1e+06,0
"1199",47500,42966,5e+05,0
"1200",48000,3562,5e+05,0
"1201",48349,50611,5e+05,0
"1202",49050,17567,5e+05,0
"1203",49412,77477,NA,0
"1204",50000,55,50000,1
"1205",50000,480,NA,0
"1206",50000,500,5e+05,0
"1207",50000,1636,1e+05,0
"1208",50000,2165,1e+06,0
"1209",50000,2280,50000,1
"1210",50000,2809,5e+05,0
"1211",50000,2881,3e+05,0
"1212",50000,2985,NA,0
"1213",50000,3048,NA,0
"1214",50000,3403,5e+05,0
"1215",50000,3565,5e+05,0
"1216",50000,3634,50000,1
"1217",50000,4094,50000,1
"1218",50000,4292,50000,1
"1219",50000,5441,5e+05,0
"1220",50000,5974,5e+05,0
"1221",50000,7669,5e+05,0
"1222",50000,8726,50000,1
"1223",50000,9231,1e+06,0
"1224",50000,9609,5e+05,0
"1225",50000,10775,1e+06,0
"1226",50000,11259,5e+05,0
"1227",50000,11725,50000,1
"1228",50000,12210,5e+05,0
"1229",50000,12344,3e+05,0
"1230",50000,15687,3e+05,0
"1231",50000,16303,1e+06,0
"1232",50000,17768,1e+05,0
"1233",50000,25661,5e+05,0
"1234",50000,25922,5e+05,0
"1235",50147,21547,5e+05,0
"1236",50176,15000,1e+06,0
"1237",50500,2606,3e+05,0
"1238",50899,18172,1e+05,0
"1239",51015,6445,5e+05,0
"1240",51085,5485,1e+06,0
"1241",52500,11333,5e+05,0
"1242",54000,913,3e+05,0
"1243",54250,8312,1e+05,0
"1244",55000,830,3e+05,0
"1245",55000,2128,NA,0
"1246",55000,22981,5e+05,0
"1247",55000,24889,5e+05,0
"1248",55000,29327,5e+05,0
"1249",55651,23391,1e+06,0
"1250",56057,48076,5e+05,0
"1251",56062,210,3e+05,0
"1252",57000,14709,5e+05,0
"1253",57500,10983,5e+05,0
"1254",57500,15484,3e+05,0
"1255",57808,38341,3e+05,0
"1256",58064,11863,5e+05,0
"1257",58101,12691,3e+05,0
"1258",59232,1108,5e+05,0
"1259",60000,2438,1e+06,0
"1260",60000,4095,NA,0
"1261",60000,4519,1e+05,0
"1262",60000,4560,1e+06,0
"1263",60000,4762,1e+06,0
"1264",60000,6118,5e+05,0
"1265",60000,9812,NA,0
"1266",60000,42230,5e+05,0
"1267",60087,2580,1e+06,0
"1268",60250,501863,5e+05,0
"1269",62079,17280,1e+06,0
"1270",62500,12750,1e+06,0
"1271",62959,27738,5e+05,0
"1272",63000,4881,3e+05,0
"1273",65000,559,5e+05,0
"1274",65000,5534,1e+06,0
"1275",65000,6756,5e+05,0
"1276",65000,13762,3e+05,0
"1277",65544,27671,5e+05,0
"1278",65613,13319,5e+05,0
"1279",66933,19458,5e+05,0
"1280",67500,25767,5e+05,0
"1281",67500,160581,1e+06,0
"1282",70000,1900,5e+05,0
"1283",70000,2333,1e+05,0
"1284",70000,4555,3e+05,0
"1285",70000,14253,1e+06,0
"1286",70000,14878,3e+05,0
"1287",70000,22114,250000,0
"1288",70000,39247,5e+05,0
"1289",70001,7177,5e+05,0
"1290",71000,40,3e+05,0
"1291",71459,4633,1e+05,0
"1292",71710,2756,3e+05,0
"1293",72000,4966,1e+05,0
"1294",72500,799,1e+06,0
"1295",73000,13391,5e+05,0
"1296",73000,15756,5e+05,0
"1297",73157,20495,3e+05,0
"1298",73614,214,5e+05,0
"1299",74700,16063,3e+05,0
"1300",74970,12608,NA,0
"1301",75000,574,NA,0
"1302",75000,3451,5e+05,0
"1303",75000,5542,5e+05,0
"1304",75000,6125,3e+06,0
"1305",75000,6833,1e+06,0
"1306",75000,11877,3e+05,0
"1307",75000,12851,75000,1
"1308",75000,15913,1e+06,0
"1309",75000,17236,5e+05,0
"1310",75000,17687,250000,0
"1311",75000,19213,NA,0
"1312",75000,23566,1e+05,0
"1313",75000,26232,1e+06,0
"1314",75000,30401,5e+05,0
"1315",75000,36703,5e+05,0
"1316",75000,46494,5e+05,0
"1317",75000,72060,5e+05,0
"1318",76100,1936,5e+05,0
"1319",76991,25949,5e+05,0
"1320",80000,4863,5e+05,0
"1321",80000,5985,1e+06,0
"1322",80000,16731,1e+06,0
"1323",82500,16452,5e+05,0
"1324",83500,8072,5e+05,0
"1325",84000,4730,1e+06,0
"1326",85000,18284,1e+05,0
"1327",86311,37711,5e+05,0
"1328",86667,5792,1e+06,0
"1329",87500,16677,3e+05,0
"1330",88000,2908,5e+05,0
"1331",88803,5203,1e+06,0
"1332",90000,3367,1e+06,0
"1333",90000,3764,5e+05,0
"1334",90000,5097,5e+05,0
"1335",90000,6959,3e+05,0
"1336",90451,18232,3e+05,0
"1337",92317,12965,1e+06,0
"1338",92522,60435,1e+06,0
"1339",93000,31812,5e+05,0
"1340",93868,89826,3e+05,0
"1341",95000,12398,5e+05,0
"1342",95963,14008,1e+06,0
"1343",97000,8811,1e+06,0
"1344",97000,18919,5e+05,0
"1345",98087,3944,5e+05,0
"1346",98844,12644,5e+05,0
"1347",99632,6431,5e+06,0
"1348",99991,22092,3e+05,0
"1349",1e+05,557,1e+05,1
"1350",1e+05,1416,5e+05,0
"1351",1e+05,2287,1e+06,0
"1352",1e+05,4842,1e+05,1
"1353",1e+05,7270,1e+05,1
"1354",1e+05,10312,1e+06,0
"1355",1e+05,12815,1e+05,1
"1356",1e+05,13820,NA,0
"1357",1e+05,15268,3e+05,0
"1358",1e+05,17550,3e+05,0
"1359",1e+05,21166,250000,0
"1360",1e+05,22706,5e+05,0
"1361",1e+05,25034,5e+05,0
"1362",1e+05,25256,5e+05,0
"1363",1e+05,28013,1e+05,1
"1364",1e+05,30149,1e+06,0
"1365",1e+05,34716,1e+05,1
"1366",1e+05,38516,1e+05,1
"1367",1e+05,71350,1e+05,1
"1368",1e+05,107192,3e+05,0
"1369",1e+05,211573,1e+05,1
"1370",101000,101622,5e+05,0
"1371",101276,4210,5e+05,0
"1372",101422,9513,1e+06,0
"1373",103127,60487,1e+06,0
"1374",103264,7434,5e+05,0
"1375",104518,4825,3e+05,0
"1376",104767,166893,1e+06,0
"1377",105000,1782,NA,0
"1378",105000,35055,5e+05,0
"1379",108000,9516,5e+05,0
"1380",109500,31422,5e+05,0
"1381",110000,2004,3e+05,0
"1382",110000,7475,5e+05,0
"1383",110000,12143,5e+05,0
"1384",110659,48062,1e+06,0
"1385",112000,17645,5e+05,0
"1386",115000,7571,1e+06,0
"1387",120000,89365,1e+06,0
"1388",120475,13098,5e+05,0
"1389",124999,2257,3e+05,0
"1390",125000,4249,1e+06,0
"1391",125000,10093,3e+05,0
"1392",125000,11308,1500000,0
"1393",125000,13227,1e+06,0
"1394",125000,14970,1e+06,0
"1395",125000,19671,3e+05,0
"1396",130000,46359,1e+06,0
"1397",130050,13364,5e+05,0
"1398",130555,18721,5e+05,0
"1399",135000,2229,1e+06,0
"1400",135000,42863,3e+05,0
"1401",137500,99412,5e+05,0
"1402",138133,22464,3e+05,0
"1403",140000,4698,5e+05,0
"1404",140837,10292,1e+06,0
"1405",145151,14082,1e+06,0
"1406",149750,32370,5e+05,0
"1407",150000,4773,NA,0
"1408",150000,6695,1e+06,0
"1409",150000,6945,3e+05,0
"1410",150000,12042,1e+06,0
"1411",150000,20887,5e+05,0
"1412",150000,46507,5e+05,0
"1413",150494,1588,5e+05,0
"1414",151084,35252,1e+06,0
"1415",151152,155640,5e+05,0
"1416",152744,6496,5e+05,0
"1417",153874,21354,5e+05,0
"1418",155885,4104,5e+05,0
"1419",157499,64690,5e+05,0
"1420",160300,17881,5e+05,0
"1421",161187,17601,5e+05,0
"1422",166500,21607,5e+05,0
"1423",167000,53829,1e+06,0
"1424",168751,6114,5e+05,0
"1425",170000,38276,5e+05,0
"1426",178000,1031,5e+05,0
"1427",183095,5717,5e+05,0
"1428",184925,48811,3e+05,0
"1429",187113,180615,5e+05,0
"1430",192500,46777,5e+05,0
"1431",2e+05,277,NA,0
"1432",2e+05,7846,5e+05,0
"1433",2e+05,20095,5e+05,0
"1434",2e+05,23137,1e+06,0
"1435",2e+05,27903,1e+06,0
"1436",2e+05,61709,5e+05,0
"1437",2e+05,67782,1e+06,0
"1438",200678,32414,1e+06,0
"1439",209122,25116,1e+06,0
"1440",210000,7357,NA,0
"1441",210000,63903,3e+05,0
"1442",215231,36573,1e+06,0
"1443",215303,41532,5e+05,0
"1444",225000,6603,5e+05,0
"1445",225000,12720,2e+06,0
"1446",225562,45613,1e+06,0
"1447",235000,38157,1e+06,0
"1448",244000,41946,5e+05,0
"1449",245834,63433,5e+05,0
"1450",250000,5448,NA,0
"1451",250000,24087,1e+06,0
"1452",250000,55068,5e+05,0
"1453",251981,27774,5e+05,0
"1454",260000,11875,5e+05,0
"1455",270000,10530,5e+05,0
"1456",275000,3510,3e+05,0
"1457",275000,12271,3e+05,0
"1458",275000,15748,3e+05,0
"1459",275000,29638,1e+06,0
"1460",278705,306072,5e+05,0
"1461",289146,21359,1e+06,0
"1462",289428,23086,5e+05,0
"1463",3e+05,310,3e+05,1
"1464",3e+05,9819,3e+05,1
"1465",3e+05,25373,3e+05,1
"1466",3e+05,48619,3e+05,1
"1467",3e+05,55010,5e+05,0
"1468",3e+05,62321,3e+05,1
"1469",301090,68630,5e+05,0
"1470",316694,61706,NA,0
"1471",320000,36559,5e+05,0
"1472",337500,15358,1e+06,0
"1473",365600,131678,5e+05,0
"1474",370005,56123,5e+05,0
"1475",371654,69658,5e+05,0
"1476",373915,10261,1e+06,0
"1477",375000,28384,5e+05,0
"1478",379940,25670,5e+05,0
"1479",412998,45095,5e+05,0
"1480",432500,7294,5e+05,0
"1481",445000,28192,750000,0
"1482",449663,142227,5e+05,0
"1483",465000,27272,5e+05,0
"1484",474400,160265,1e+06,0
"1485",475000,65248,5e+05,0
"1486",480529,186670,5e+05,0
"1487",496559,31738,5e+05,0
"1488",5e+05,15534,5e+05,1
"1489",5e+05,38242,5e+05,1
"1490",5e+05,49617,1e+06,0
"1491",5e+05,55080,5e+05,1
"1492",5e+05,55388,5e+05,1
"1493",5e+05,280202,5e+05,1
"1494",5e+05,467246,NA,0
"1495",750000,2940,NA,0
"1496",838701,3662,1e+06,0
"1497",854867,61239,1e+06,0
"1498",1e+06,43966,1e+06,1
"1499",1e+06,135653,1e+06,1
"1500",2173595,134743,2500000,0
